{
	"schemaVersion": 1,
	"id": "collegemod",
	"version": "${version}",
	"name": "CollegeMod",
	"description": "This is an example description! Tell everyone what your mod is about!",
	"authors": [
		"Me!"
	],
	"contact": {
		"homepage": "https://fabricmc.net/",
		"sources": "https://github.com/FabricMC/fabric-example-mod"
	},
	"license": "CC0-1.0",
	"icon": "assets/collegemod/icon.png",
	"environment": "*",
	"entrypoints": {
		"main": [
			"collegemod.modid.ExampleMod"
		],
		"fabric-datagen": [
			"collegemod.modid.ExampleModDataGenerator"
		]
	},
	"mixins": [
		"collegemod.mixins.json"
	],
	"depends": {
		"fabricloader": ">=0.14.14",
		"minecraft": "~1.19.3",
		"java": ">=17",
		"fabric-api": "*"
	},
	"suggests": {
		"another-mod": "*"
	}
}